user_id,login_attempts,login_failures,session_duration,data_transfer_MB,timestamp,user_activity_type,age,location,user_tier
user_1,7,3,207,442.624071877356,2024-01-01 00:00:00,data_modification,22,APAC,Free
user_2,4,2,401,262.8787200173722,2024-01-01 00:01:00,login,37,NA,Premium
user_3,8,4,2583,454.1917225278442,2024-01-01 00:02:00,file_access,57,EU,Premium
user_4,5,3,1146,289.9462815405913,2024-01-01 00:03:00,login,61,APAC,Enterprise
user_5,7,2,1784,334.4348849522167,2024-01-01 00:04:00,data_modification,18,NA,Basic
user_6,3,1,1443,276.4516649187256,2024-01-01 00:05:00,data_modification,47,APAC,Basic
user_7,7,1,2668,433.6015113506008,2024-01-01 00:06:00,admin_task,38,NA,Free
user_8,8,2,386,369.61586028731386,2024-01-01 00:07:00,login,37,EU,Free
user_9,5,2,1852,265.4175529684033,2024-01-01 00:08:00,file_access,23,NA,Enterprise
user_10,4,4,1819,435.398793985258,2024-01-01 00:09:00,login,39,EU,Basic
user_11,8,4,3272,130.18991080511393,2024-01-01 00:10:00,login,35,NA,Premium
user_12,8,1,1049,87.09692325423772,2024-01-01 00:11:00,data_modification,25,EU,Premium
user_13,3,3,2322,88.59605161173533,2024-01-01 00:12:00,login,56,SA,Premium
user_14,6,1,2542,173.66435058516657,2024-01-01 00:13:00,login,49,EU,Free
user_15,5,3,1011,126.95811533749858,2024-01-01 00:14:00,data_modification,50,SA,Enterprise
user_16,2,3,782,465.74427174977194,2024-01-01 00:15:00,data_modification,33,SA,Free
user_17,8,4,3449,61.858705976006156,2024-01-01 00:16:00,login,29,EU,Free
user_18,6,0,2139,352.50546163939794,2024-01-01 00:17:00,data_modification,55,NA,Premium
user_19,2,0,2777,102.71855449465289,2024-01-01 00:18:00,admin_task,51,NA,Free
user_20,5,2,2392,442.00219505747157,2024-01-01 00:19:00,login,31,APAC,Enterprise
user_21,1,4,3436,481.04449121060463,2024-01-01 00:20:00,admin_task,53,SA,Free
user_22,6,3,488,238.08030429729195,2024-01-01 00:21:00,data_modification,50,EU,Free
user_23,9,0,1560,440.7450253117845,2024-01-01 00:22:00,file_access,40,APAC,Enterprise
user_24,1,3,345,12.521133669810236,2024-01-01 00:23:00,login,62,SA,Basic
user_25,3,0,3275,411.77398952996907,2024-01-01 00:24:00,admin_task,19,APAC,Free
user_26,7,0,3555,122.02632914721252,2024-01-01 00:25:00,file_access,58,SA,Enterprise
user_27,4,0,3150,455.26364154199024,2024-01-01 00:26:00,login,38,SA,Free
user_28,9,4,2125,10.548854625253648,2024-01-01 00:27:00,login,19,NA,Enterprise
user_29,3,1,828,282.5290501694809,2024-01-01 00:28:00,admin_task,44,NA,Free
user_30,5,3,2697,380.751543854618,2024-01-01 00:29:00,data_modification,26,NA,Free
user_31,3,4,1454,136.75728204197492,2024-01-01 00:30:00,admin_task,18,NA,Basic
user_32,7,4,3306,104.6351036477736,2024-01-01 00:31:00,data_modification,28,APAC,Free
user_33,5,4,3117,51.20812998931248,2024-01-01 00:32:00,data_modification,20,APAC,Premium
user_34,9,4,253,169.95245248661357,2024-01-01 00:33:00,admin_task,40,NA,Free
user_35,7,4,2609,284.32371303132646,2024-01-01 00:34:00,file_access,43,APAC,Free
user_36,2,2,1047,66.76348982232625,2024-01-01 00:35:00,data_modification,21,SA,Enterprise
user_37,4,3,1196,194.5807273735314,2024-01-01 00:36:00,admin_task,35,NA,Free
user_38,9,4,2221,14.445478279835232,2024-01-01 00:37:00,data_modification,23,APAC,Basic
user_39,2,3,3353,411.15291604492245,2024-01-01 00:38:00,admin_task,52,APAC,Free
user_40,9,2,1761,72.93987186566378,2024-01-01 00:39:00,data_modification,39,NA,Free
user_41,5,2,1006,148.83804465013498,2024-01-01 00:40:00,data_modification,60,SA,Premium
user_42,2,3,890,19.02958218172656,2024-01-01 00:41:00,login,32,SA,Premium
user_43,4,0,1980,221.79798410733102,2024-01-01 00:42:00,login,39,NA,Premium
user_44,7,1,3395,421.6595363431972,2024-01-01 00:43:00,file_access,54,NA,Basic
user_45,8,0,3032,202.15409360814633,2024-01-01 00:44:00,login,59,EU,Enterprise
user_46,3,0,114,97.95368847767837,2024-01-01 00:45:00,login,29,APAC,Premium
user_47,1,0,859,379.3124286847544,2024-01-01 00:46:00,login,64,SA,Free
user_48,4,4,837,396.5154211166647,2024-01-01 00:47:00,file_access,59,EU,Premium
user_49,2,2,1541,95.13920290070773,2024-01-01 00:48:00,data_modification,55,APAC,Enterprise
user_50,8,0,1961,387.718513185085,2024-01-01 00:49:00,file_access,35,NA,Free
user_51,4,2,2269,474.1759652456056,2024-01-01 00:50:00,file_access,62,APAC,Enterprise
user_52,2,3,3511,91.52501759681344,2024-01-01 00:51:00,login,52,APAC,Enterprise
user_53,6,1,2194,387.7823033407464,2024-01-01 00:52:00,file_access,47,NA,Premium
user_54,6,3,114,357.2002822552884,2024-01-01 00:53:00,admin_task,41,SA,Basic
user_55,4,3,1883,242.05120533319337,2024-01-01 00:54:00,data_modification,59,SA,Enterprise
user_56,6,4,1261,38.381025673811166,2024-01-01 00:55:00,data_modification,47,APAC,Free
user_57,2,1,3522,46.600264701348465,2024-01-01 00:56:00,login,31,NA,Basic
user_58,2,3,3480,427.68318300733733,2024-01-01 00:57:00,data_modification,23,SA,Basic
user_59,4,3,3139,495.17270264781706,2024-01-01 00:58:00,login,20,SA,Premium
user_60,8,1,892,341.26560602150965,2024-01-01 00:59:00,file_access,33,EU,Basic
user_61,7,1,372,228.51957043505752,2024-01-01 01:00:00,admin_task,24,EU,Enterprise
user_62,9,3,2866,327.3110852669347,2024-01-01 01:01:00,data_modification,31,EU,Free
user_63,8,1,1918,301.2539710219872,2024-01-01 01:02:00,data_modification,26,APAC,Free
user_64,5,3,2067,197.97000759875468,2024-01-01 01:03:00,data_modification,32,EU,Premium
user_65,2,3,2066,42.15681084126634,2024-01-01 01:04:00,admin_task,38,SA,Free
user_66,5,4,2550,412.5413442296461,2024-01-01 01:05:00,admin_task,52,SA,Basic
user_67,8,0,1850,192.19842932697506,2024-01-01 01:06:00,login,19,NA,Premium
user_68,9,3,387,411.20496524497594,2024-01-01 01:07:00,login,44,SA,Premium
user_69,9,2,3185,133.7292873473073,2024-01-01 01:08:00,file_access,19,APAC,Basic
user_70,1,0,2868,10.504445124360364,2024-01-01 01:09:00,file_access,52,SA,Enterprise
user_71,9,0,3370,87.87975880561069,2024-01-01 01:10:00,login,35,APAC,Premium
user_72,7,0,3360,239.58431421660634,2024-01-01 01:11:00,admin_task,31,EU,Basic
user_73,9,4,2686,472.7087811293366,2024-01-01 01:12:00,admin_task,37,APAC,Premium
user_74,8,3,3182,60.0748736499223,2024-01-01 01:13:00,file_access,35,SA,Free
user_75,1,4,3114,428.56278948616733,2024-01-01 01:14:00,data_modification,27,EU,Premium
user_76,8,3,1347,268.2418071438124,2024-01-01 01:15:00,file_access,42,SA,Enterprise
user_77,8,4,3549,414.70117524194933,2024-01-01 01:16:00,admin_task,19,APAC,Premium
user_78,3,4,2203,156.2034711850964,2024-01-01 01:17:00,file_access,42,EU,Enterprise
user_79,1,2,1171,421.5741106895112,2024-01-01 01:18:00,file_access,50,EU,Premium
user_80,8,4,3209,388.6831622082342,2024-01-01 01:19:00,login,53,APAC,Free
user_81,3,1,1371,122.72630468540262,2024-01-01 01:20:00,data_modification,48,EU,Basic
user_82,3,2,3251,74.35421194059525,2024-01-01 01:21:00,file_access,31,SA,Free
user_83,1,4,2921,435.3466180408235,2024-01-01 01:22:00,data_modification,18,SA,Basic
user_84,5,0,2598,481.9859601856646,2024-01-01 01:23:00,admin_task,63,NA,Basic
user_85,7,1,511,25.33813373628296,2024-01-01 01:24:00,file_access,33,SA,Basic
user_86,9,1,1583,368.3223328171059,2024-01-01 01:25:00,login,63,NA,Free
user_87,7,1,224,455.667010364431,2024-01-01 01:26:00,admin_task,20,EU,Basic
user_88,9,2,241,430.10644512532434,2024-01-01 01:27:00,data_modification,52,APAC,Premium
user_89,8,4,2576,482.6150314124022,2024-01-01 01:28:00,login,58,EU,Basic
user_90,2,4,969,382.4460984346676,2024-01-01 01:29:00,login,23,NA,Free
user_91,1,0,2842,226.72639356664604,2024-01-01 01:30:00,login,42,SA,Enterprise
user_92,7,0,882,162.85647534261392,2024-01-01 01:31:00,data_modification,30,NA,Free
user_93,7,1,1003,167.16394281468246,2024-01-01 01:32:00,admin_task,51,NA,Enterprise
user_94,8,0,2061,364.96710958091734,2024-01-01 01:33:00,file_access,25,SA,Free
user_95,5,2,2114,375.4601358951725,2024-01-01 01:34:00,login,38,EU,Free
user_96,3,4,389,108.1759803388692,2024-01-01 01:35:00,file_access,51,SA,Premium
user_97,8,1,834,435.3801786103602,2024-01-01 01:36:00,admin_task,21,APAC,Enterprise
user_98,6,0,2258,360.3127796991013,2024-01-01 01:37:00,data_modification,42,EU,Premium
user_99,3,2,3216,285.7476403082575,2024-01-01 01:38:00,admin_task,32,NA,Premium
user_100,1,2,206,241.05090545023123,2024-01-01 01:39:00,admin_task,21,SA,Premium
user_101,3,0,3512,276.1840748370795,2024-01-01 01:40:00,login,62,NA,Basic
user_102,5,4,974,88.03041175683958,2024-01-01 01:41:00,data_modification,29,APAC,Free
user_103,3,0,1631,109.81361214537436,2024-01-01 01:42:00,data_modification,49,EU,Basic
user_104,1,1,1368,54.67060029903392,2024-01-01 01:43:00,data_modification,49,SA,Premium
user_105,5,0,2807,85.2924386989452,2024-01-01 01:44:00,file_access,45,APAC,Enterprise
user_106,7,2,141,232.3098809565885,2024-01-01 01:45:00,data_modification,30,APAC,Enterprise
user_107,7,0,573,269.87365292684547,2024-01-01 01:46:00,login,48,EU,Premium
user_108,9,4,1980,18.752327314376494,2024-01-01 01:47:00,file_access,31,SA,Enterprise
user_109,3,3,2922,400.43093565337347,2024-01-01 01:48:00,file_access,37,NA,Premium
user_110,7,0,2816,154.14230693830416,2024-01-01 01:49:00,admin_task,35,NA,Basic
user_111,1,4,1999,456.7996571303564,2024-01-01 01:50:00,admin_task,46,APAC,Premium
user_112,4,4,805,484.0805191707511,2024-01-01 01:51:00,file_access,23,EU,Free
user_113,4,2,3130,100.87484859156062,2024-01-01 01:52:00,data_modification,49,APAC,Premium
user_114,5,4,1469,236.42767247517372,2024-01-01 01:53:00,login,46,EU,Free
user_115,7,4,766,10.603599231548685,2024-01-01 01:54:00,admin_task,60,APAC,Free
user_116,7,4,530,303.1803599099892,2024-01-01 01:55:00,admin_task,19,EU,Enterprise
user_117,4,4,3250,307.5801596487089,2024-01-01 01:56:00,file_access,40,APAC,Basic
user_118,7,1,455,131.29457824565384,2024-01-01 01:57:00,data_modification,36,EU,Enterprise
user_119,3,1,1615,283.622209565767,2024-01-01 01:58:00,data_modification,48,APAC,Premium
user_120,6,2,2368,120.51466979743036,2024-01-01 01:59:00,login,22,EU,Enterprise
user_121,2,0,864,88.80447984831314,2024-01-01 02:00:00,admin_task,36,EU,Enterprise
user_122,9,4,993,329.2445387331097,2024-01-01 02:01:00,data_modification,51,NA,Enterprise
user_123,5,0,1339,169.7034773365167,2024-01-01 02:02:00,admin_task,27,NA,Enterprise
user_124,6,0,1817,299.229330053955,2024-01-01 02:03:00,data_modification,42,NA,Premium
user_125,4,2,964,222.29090699611123,2024-01-01 02:04:00,login,19,APAC,Premium
user_126,7,4,3357,492.3321896274229,2024-01-01 02:05:00,file_access,28,SA,Free
user_127,9,4,1136,83.29451490710723,2024-01-01 02:06:00,login,48,NA,Enterprise
user_128,7,3,3047,237.653312351547,2024-01-01 02:07:00,admin_task,32,NA,Enterprise
user_129,1,0,1950,343.4237469160694,2024-01-01 02:08:00,admin_task,26,EU,Basic
user_130,1,0,1583,203.81709110118464,2024-01-01 02:09:00,admin_task,40,APAC,Free
user_131,9,1,2961,487.602927416638,2024-01-01 02:10:00,file_access,36,SA,Premium
user_132,9,3,1447,363.72493768419815,2024-01-01 02:11:00,login,26,APAC,Basic
user_133,4,1,1363,331.9220902066016,2024-01-01 02:12:00,admin_task,52,EU,Basic
user_134,9,1,652,380.95904112949944,2024-01-01 02:13:00,admin_task,38,NA,Free
user_135,3,1,2821,476.79783263897133,2024-01-01 02:14:00,login,26,NA,Enterprise
user_136,7,2,3289,454.8311399624737,2024-01-01 02:15:00,file_access,45,NA,Premium
user_137,6,2,2739,364.89980098194184,2024-01-01 02:16:00,login,63,NA,Basic
user_138,8,1,2166,377.0892031596287,2024-01-01 02:17:00,admin_task,24,NA,Free
user_139,9,3,187,81.50181627722127,2024-01-01 02:18:00,admin_task,33,APAC,Premium
user_140,5,0,795,60.36827820140619,2024-01-01 02:19:00,login,33,EU,Free
user_141,1,3,2828,289.7432059036405,2024-01-01 02:20:00,file_access,50,SA,Premium
user_142,3,4,3246,19.0001421008646,2024-01-01 02:21:00,data_modification,21,APAC,Free
user_143,8,2,3340,246.35462696027986,2024-01-01 02:22:00,file_access,21,APAC,Basic
user_144,6,0,2633,113.07129416024561,2024-01-01 02:23:00,admin_task,56,NA,Basic
user_145,8,0,580,179.5481181459714,2024-01-01 02:24:00,file_access,57,SA,Basic
user_146,9,4,2659,390.14432053854847,2024-01-01 02:25:00,login,34,EU,Premium
user_147,4,4,296,471.20637707386936,2024-01-01 02:26:00,data_modification,54,SA,Enterprise
user_148,1,1,1364,45.483973351707334,2024-01-01 02:27:00,data_modification,56,APAC,Premium
user_149,1,2,3490,271.77868092845813,2024-01-01 02:28:00,login,46,EU,Free
user_150,4,2,3332,442.441408051604,2024-01-01 02:29:00,file_access,53,EU,Free
user_151,7,3,1841,50.42918187580643,2024-01-01 02:30:00,admin_task,55,NA,Free
user_152,2,1,1361,414.01188297944856,2024-01-01 02:31:00,data_modification,56,NA,Premium
user_153,3,1,3366,185.32266195485298,2024-01-01 02:32:00,file_access,54,SA,Premium
user_154,1,1,2601,167.82640408747432,2024-01-01 02:33:00,data_modification,52,EU,Basic
user_155,5,1,2111,488.958529294245,2024-01-01 02:34:00,login,24,SA,Premium
user_156,1,2,2773,108.42095403252415,2024-01-01 02:35:00,login,44,EU,Basic
user_157,8,2,501,349.66503100311365,2024-01-01 02:36:00,file_access,45,NA,Basic
user_158,1,1,2136,412.50595672483456,2024-01-01 02:37:00,data_modification,39,APAC,Basic
user_159,1,3,3240,30.17991268684312,2024-01-01 02:38:00,login,31,NA,Enterprise
user_160,2,0,2717,338.488874593662,2024-01-01 02:39:00,login,24,NA,Free
user_161,2,0,864,476.2594874341102,2024-01-01 02:40:00,login,54,APAC,Basic
user_162,6,3,134,70.86778369674909,2024-01-01 02:41:00,data_modification,39,EU,Basic
user_163,7,1,2945,449.1484383156688,2024-01-01 02:42:00,login,22,SA,Premium
user_164,5,2,3277,301.44055231469866,2024-01-01 02:43:00,admin_task,19,NA,Basic
user_165,1,0,2235,312.13624511261224,2024-01-01 02:44:00,admin_task,44,SA,Premium
user_166,1,4,2149,310.34264568414693,2024-01-01 02:45:00,login,38,APAC,Free
user_167,3,4,1439,156.42958430528378,2024-01-01 02:46:00,login,55,SA,Basic
user_168,2,3,100,468.2488894967352,2024-01-01 02:47:00,data_modification,32,NA,Premium
user_169,5,1,3041,474.20172668920895,2024-01-01 02:48:00,login,38,APAC,Free
user_170,6,0,2141,316.39928350483444,2024-01-01 02:49:00,login,27,EU,Basic
user_171,7,1,3148,393.8771357113912,2024-01-01 02:50:00,admin_task,40,EU,Free
user_172,4,0,1760,310.0064130817674,2024-01-01 02:51:00,data_modification,56,SA,Free
user_173,7,3,3284,247.3552393112799,2024-01-01 02:52:00,file_access,22,SA,Basic
user_174,8,3,3105,333.80185796663284,2024-01-01 02:53:00,admin_task,18,EU,Basic
user_175,1,4,1461,280.9707117700596,2024-01-01 02:54:00,admin_task,30,APAC,Free
user_176,6,1,647,302.7631726896457,2024-01-01 02:55:00,login,38,APAC,Premium
user_177,8,4,1682,394.07795117524233,2024-01-01 02:56:00,login,43,APAC,Free
user_178,5,1,401,245.64287741000257,2024-01-01 02:57:00,file_access,62,SA,Basic
user_179,4,4,2134,29.969511985311655,2024-01-01 02:58:00,file_access,38,NA,Premium
user_180,2,2,3418,90.35974568485365,2024-01-01 02:59:00,file_access,35,NA,Premium
user_181,6,2,705,224.9175360798738,2024-01-01 03:00:00,data_modification,54,APAC,Enterprise
user_182,6,2,790,365.1650143382886,2024-01-01 03:01:00,data_modification,62,NA,Enterprise
user_183,1,2,227,300.7065376719876,2024-01-01 03:02:00,admin_task,49,NA,Free
user_184,9,0,669,328.64415107799243,2024-01-01 03:03:00,login,53,NA,Enterprise
user_185,6,2,2375,244.84667500238078,2024-01-01 03:04:00,file_access,34,NA,Free
user_186,3,3,1832,311.713590751699,2024-01-01 03:05:00,file_access,52,EU,Free
user_187,4,3,2100,171.21854452918447,2024-01-01 03:06:00,admin_task,28,APAC,Enterprise
user_188,4,0,2928,240.38947042136587,2024-01-01 03:07:00,login,38,EU,Enterprise
user_189,3,2,514,374.69674214152826,2024-01-01 03:08:00,login,43,NA,Premium
user_190,3,2,3013,437.19806169682937,2024-01-01 03:09:00,file_access,21,APAC,Premium
user_191,3,2,1768,222.49111363863057,2024-01-01 03:10:00,file_access,51,APAC,Premium
user_192,4,4,3532,31.394212276606982,2024-01-01 03:11:00,file_access,35,EU,Basic
user_193,7,1,3029,89.2195466319333,2024-01-01 03:12:00,login,57,APAC,Free
user_194,4,4,3088,20.221958252853668,2024-01-01 03:13:00,admin_task,52,SA,Free
user_195,9,1,761,330.0988794262918,2024-01-01 03:14:00,file_access,58,SA,Basic
user_196,1,2,2741,172.83416642400337,2024-01-01 03:15:00,admin_task,46,APAC,Enterprise
user_197,8,2,1659,275.81453150249007,2024-01-01 03:16:00,data_modification,46,APAC,Premium
user_198,7,4,189,251.7056549240618,2024-01-01 03:17:00,login,55,SA,Enterprise
user_199,2,4,3127,49.94797988068908,2024-01-01 03:18:00,admin_task,59,EU,Enterprise
user_200,8,1,1905,207.5980669506776,2024-01-01 03:19:00,admin_task,38,APAC,Free
user_201,1,3,1446,118.0749512119384,2024-01-01 03:20:00,admin_task,59,APAC,Enterprise
user_202,9,1,2926,215.01589644714983,2024-01-01 03:21:00,admin_task,30,SA,Free
user_203,9,4,752,109.75335736769891,2024-01-01 03:22:00,admin_task,58,SA,Premium
user_204,2,4,3423,421.82167907569743,2024-01-01 03:23:00,login,34,NA,Premium
user_205,7,0,1454,95.35473492334428,2024-01-01 03:24:00,file_access,26,NA,Basic
user_206,3,4,853,480.7824702286187,2024-01-01 03:25:00,login,58,EU,Basic
user_207,7,0,88,213.794609412001,2024-01-01 03:26:00,file_access,18,APAC,Basic
user_208,9,3,208,424.66019308933414,2024-01-01 03:27:00,login,19,APAC,Basic
user_209,4,1,1379,318.0947609209131,2024-01-01 03:28:00,file_access,46,EU,Free
user_210,1,1,2118,370.3216463462188,2024-01-01 03:29:00,admin_task,50,NA,Premium
user_211,2,0,2783,386.18470515272236,2024-01-01 03:30:00,file_access,27,APAC,Free
user_212,1,1,1196,257.37399212757873,2024-01-01 03:31:00,admin_task,57,APAC,Premium
user_213,5,4,246,276.2172564480113,2024-01-01 03:32:00,file_access,38,SA,Enterprise
user_214,5,2,2914,261.85797522627524,2024-01-01 03:33:00,file_access,45,APAC,Basic
user_215,7,0,2851,298.14860526413884,2024-01-01 03:34:00,admin_task,28,EU,Premium
user_216,9,1,1310,24.403278420688572,2024-01-01 03:35:00,admin_task,51,NA,Enterprise
user_217,9,0,1393,203.80243322601748,2024-01-01 03:36:00,data_modification,25,NA,Enterprise
user_218,3,0,157,307.03246964497407,2024-01-01 03:37:00,data_modification,39,EU,Free
user_219,3,2,114,302.88454697537355,2024-01-01 03:38:00,login,25,EU,Free
user_220,3,4,2730,398.54848635675944,2024-01-01 03:39:00,file_access,32,EU,Free
user_221,4,0,2771,330.9545760277332,2024-01-01 03:40:00,admin_task,34,NA,Premium
user_222,8,1,817,496.14532500692945,2024-01-01 03:41:00,data_modification,40,SA,Enterprise
user_223,6,3,465,149.08871901823605,2024-01-01 03:42:00,data_modification,41,SA,Premium
user_224,8,0,2176,185.98400453645343,2024-01-01 03:43:00,data_modification,62,APAC,Free
user_225,1,0,3443,198.08510441522017,2024-01-01 03:44:00,login,36,SA,Enterprise
user_226,8,2,1372,238.24827543992177,2024-01-01 03:45:00,data_modification,22,SA,Basic
user_227,4,4,1845,419.6390512527926,2024-01-01 03:46:00,data_modification,49,APAC,Enterprise
user_228,1,3,810,125.53812604001283,2024-01-01 03:47:00,admin_task,61,EU,Enterprise
user_229,8,1,3279,390.2401014473605,2024-01-01 03:48:00,login,18,NA,Basic
user_230,4,3,3598,208.60198971201427,2024-01-01 03:49:00,admin_task,40,SA,Enterprise
user_231,6,1,1822,304.9091379943842,2024-01-01 03:50:00,login,54,EU,Premium
user_232,8,4,3375,319.94486128089,2024-01-01 03:51:00,login,25,APAC,Premium
user_233,4,1,3065,192.69583222257788,2024-01-01 03:52:00,data_modification,30,SA,Premium
user_234,3,2,424,261.18145055084454,2024-01-01 03:53:00,data_modification,25,NA,Enterprise
user_235,9,2,2086,212.38527557737154,2024-01-01 03:54:00,login,40,APAC,Premium
user_236,3,2,541,43.87506523144353,2024-01-01 03:55:00,login,60,APAC,Free
user_237,9,2,2308,224.211040520245,2024-01-01 03:56:00,admin_task,18,EU,Free
user_238,2,3,213,57.72276235124056,2024-01-01 03:57:00,login,62,NA,Basic
user_239,2,4,3581,208.46019154935755,2024-01-01 03:58:00,data_modification,41,EU,Basic
user_240,2,1,1584,300.5300159175731,2024-01-01 03:59:00,data_modification,52,EU,Basic
user_241,6,1,2180,293.91330067831535,2024-01-01 04:00:00,file_access,41,APAC,Free
user_242,3,2,2820,334.68442671407695,2024-01-01 04:01:00,data_modification,34,SA,Premium
user_243,9,2,2403,56.678138897766885,2024-01-01 04:02:00,data_modification,22,EU,Basic
user_244,4,0,1100,329.5403903099146,2024-01-01 04:03:00,admin_task,37,APAC,Basic
user_245,1,4,1724,162.95254778125906,2024-01-01 04:04:00,login,38,EU,Free
user_246,4,3,1300,205.53251360718443,2024-01-01 04:05:00,data_modification,57,SA,Enterprise
user_247,1,1,120,430.41326442212585,2024-01-01 04:06:00,login,48,SA,Free
user_248,5,0,998,14.424898023479624,2024-01-01 04:07:00,file_access,63,APAC,Enterprise
user_249,4,0,1699,298.32219033689665,2024-01-01 04:08:00,data_modification,53,EU,Enterprise
user_250,8,1,2149,303.3698502490527,2024-01-01 04:09:00,file_access,28,EU,Premium
user_251,8,3,84,204.36329040834536,2024-01-01 04:10:00,file_access,32,EU,Premium
user_252,7,0,1122,126.14364998308473,2024-01-01 04:11:00,admin_task,36,SA,Basic
user_253,3,0,190,124.99027874816004,2024-01-01 04:12:00,login,24,EU,Premium
user_254,1,4,1312,443.0177381337688,2024-01-01 04:13:00,file_access,45,APAC,Enterprise
user_255,1,3,167,226.5919431536002,2024-01-01 04:14:00,admin_task,60,SA,Enterprise
user_256,3,0,231,172.13578786469424,2024-01-01 04:15:00,admin_task,22,APAC,Basic
user_257,6,3,1518,229.9010111773875,2024-01-01 04:16:00,login,22,APAC,Enterprise
user_258,7,1,161,338.00129671508705,2024-01-01 04:17:00,login,47,EU,Premium
user_259,6,2,2973,81.42071843992834,2024-01-01 04:18:00,file_access,49,NA,Basic
user_260,6,0,2631,230.22257925473147,2024-01-01 04:19:00,admin_task,25,EU,Basic
user_261,6,4,2382,298.0633418440896,2024-01-01 04:20:00,admin_task,27,SA,Free
user_262,3,1,1696,474.80584387720256,2024-01-01 04:21:00,admin_task,55,APAC,Free
user_263,6,3,3175,133.73861321695546,2024-01-01 04:22:00,file_access,64,SA,Free
user_264,8,1,2924,186.03286647896033,2024-01-01 04:23:00,login,49,NA,Enterprise
user_265,2,0,3064,195.88570906198765,2024-01-01 04:24:00,admin_task,45,APAC,Basic
user_266,5,3,1100,306.7136972459926,2024-01-01 04:25:00,data_modification,34,SA,Premium
user_267,1,2,389,184.79870598960082,2024-01-01 04:26:00,data_modification,48,EU,Premium
user_268,1,1,1580,271.42084339685084,2024-01-01 04:27:00,admin_task,25,APAC,Free
user_269,5,0,71,393.0772616240644,2024-01-01 04:28:00,data_modification,57,NA,Free
user_270,3,4,1401,355.63894111497973,2024-01-01 04:29:00,login,42,SA,Basic
user_271,4,3,275,228.72063679116692,2024-01-01 04:30:00,admin_task,26,APAC,Basic
user_272,3,1,398,433.4659270603428,2024-01-01 04:31:00,file_access,19,NA,Premium
user_273,1,1,1859,283.48872230099283,2024-01-01 04:32:00,data_modification,32,NA,Free
user_274,1,2,2768,274.5538613560841,2024-01-01 04:33:00,admin_task,20,APAC,Basic
user_275,5,2,3212,26.752005310187506,2024-01-01 04:34:00,login,53,APAC,Basic
user_276,6,4,1810,493.47956037500916,2024-01-01 04:35:00,login,21,NA,Basic
user_277,3,4,1568,70.25569617951709,2024-01-01 04:36:00,login,31,SA,Basic
user_278,9,0,2481,123.25414708954683,2024-01-01 04:37:00,data_modification,58,SA,Premium
user_279,5,0,3083,35.33145024834821,2024-01-01 04:38:00,file_access,58,EU,Enterprise
user_280,8,4,769,323.6014537500877,2024-01-01 04:39:00,data_modification,42,NA,Premium
user_281,1,4,1283,120.10357671661319,2024-01-01 04:40:00,data_modification,27,SA,Free
user_282,5,3,2573,98.20511436163451,2024-01-01 04:41:00,login,38,EU,Free
user_283,3,2,1172,53.392236269388285,2024-01-01 04:42:00,data_modification,53,APAC,Premium
user_284,1,0,1351,60.62138899076768,2024-01-01 04:43:00,file_access,29,APAC,Basic
user_285,4,2,548,296.48864321686847,2024-01-01 04:44:00,file_access,44,EU,Premium
user_286,5,2,1621,347.22185427463177,2024-01-01 04:45:00,admin_task,57,SA,Premium
user_287,7,4,106,204.71570434755648,2024-01-01 04:46:00,admin_task,19,SA,Enterprise
user_288,1,3,3419,245.14956998011587,2024-01-01 04:47:00,login,30,NA,Enterprise
user_289,3,1,837,346.1241906316622,2024-01-01 04:48:00,file_access,49,APAC,Basic
user_290,2,3,1099,18.51609719088502,2024-01-01 04:49:00,file_access,48,EU,Premium
user_291,9,3,770,168.3340219644365,2024-01-01 04:50:00,login,33,SA,Free
user_292,6,2,460,486.81789655446977,2024-01-01 04:51:00,admin_task,49,APAC,Basic
user_293,3,3,1877,294.2549925507793,2024-01-01 04:52:00,data_modification,49,SA,Enterprise
user_294,8,0,3088,134.5700441497717,2024-01-01 04:53:00,file_access,51,SA,Premium
user_295,8,2,3217,265.64772285174445,2024-01-01 04:54:00,data_modification,28,EU,Basic
user_296,2,0,309,177.90020917924852,2024-01-01 04:55:00,data_modification,27,SA,Premium
user_297,6,1,450,270.8000445248866,2024-01-01 04:56:00,file_access,32,EU,Enterprise
user_298,7,2,394,71.61334078525792,2024-01-01 04:57:00,login,34,SA,Basic
user_299,2,1,688,75.03018037144592,2024-01-01 04:58:00,login,57,APAC,Basic
user_300,2,2,196,80.3357573993025,2024-01-01 04:59:00,admin_task,35,SA,Enterprise
user_301,1,4,2990,470.51169804415247,2024-01-01 05:00:00,admin_task,26,EU,Enterprise
user_302,8,3,2795,369.1204699872575,2024-01-01 05:01:00,data_modification,42,EU,Premium
user_303,1,4,1581,89.56712838453724,2024-01-01 05:02:00,admin_task,57,APAC,Enterprise
user_304,9,1,886,102.29105104514471,2024-01-01 05:03:00,data_modification,31,SA,Premium
user_305,6,3,786,368.1064426867294,2024-01-01 05:04:00,login,42,EU,Premium
user_306,7,2,1560,86.52028394816523,2024-01-01 05:05:00,login,39,NA,Premium
user_307,7,3,2701,124.93503373406605,2024-01-01 05:06:00,file_access,47,APAC,Premium
user_308,3,0,3354,482.03994808199553,2024-01-01 05:07:00,admin_task,37,EU,Basic
user_309,2,3,1049,135.1001971169316,2024-01-01 05:08:00,admin_task,38,APAC,Basic
user_310,9,0,2479,334.1998516818619,2024-01-01 05:09:00,admin_task,61,APAC,Basic
user_311,8,3,994,489.5293308262599,2024-01-01 05:10:00,admin_task,49,EU,Free
user_312,7,0,3102,193.4054158984984,2024-01-01 05:11:00,login,63,EU,Free
user_313,9,1,461,18.582835522410498,2024-01-01 05:12:00,login,38,NA,Enterprise
user_314,4,4,1526,129.63217230696338,2024-01-01 05:13:00,login,52,APAC,Basic
user_315,4,2,674,417.1298237574357,2024-01-01 05:14:00,admin_task,49,APAC,Free
user_316,1,3,1356,433.658329617968,2024-01-01 05:15:00,admin_task,47,NA,Free
user_317,8,4,1242,386.5744886166577,2024-01-01 05:16:00,file_access,56,SA,Free
user_318,3,2,3283,65.42381134752078,2024-01-01 05:17:00,data_modification,29,NA,Enterprise
user_319,7,2,3102,399.80008213123756,2024-01-01 05:18:00,login,58,APAC,Free
user_320,2,0,2727,460.1521205268171,2024-01-01 05:19:00,admin_task,64,APAC,Enterprise
user_321,2,1,2295,304.2986758476557,2024-01-01 05:20:00,admin_task,35,SA,Enterprise
user_322,7,1,1181,471.02892460565175,2024-01-01 05:21:00,admin_task,38,EU,Enterprise
user_323,6,4,190,415.15105301881994,2024-01-01 05:22:00,admin_task,30,APAC,Free
user_324,3,1,2912,336.81604332554457,2024-01-01 05:23:00,admin_task,38,SA,Basic
user_325,9,3,1254,292.8207659887566,2024-01-01 05:24:00,login,25,SA,Enterprise
user_326,6,1,3043,180.80109694856554,2024-01-01 05:25:00,data_modification,63,EU,Free
user_327,6,4,3093,88.05084816897451,2024-01-01 05:26:00,file_access,57,NA,Basic
user_328,1,1,242,306.42742211836503,2024-01-01 05:27:00,admin_task,63,APAC,Free
user_329,4,3,3090,165.87466127287854,2024-01-01 05:28:00,admin_task,24,APAC,Enterprise
user_330,6,0,423,434.55494708854627,2024-01-01 05:29:00,admin_task,40,SA,Enterprise
user_331,6,4,98,496.73509930572794,2024-01-01 05:30:00,admin_task,61,SA,Enterprise
user_332,5,0,2604,378.68960368163056,2024-01-01 05:31:00,file_access,49,EU,Free
user_333,1,0,1432,54.336030690654866,2024-01-01 05:32:00,admin_task,28,APAC,Basic
user_334,8,0,3089,151.45594181001266,2024-01-01 05:33:00,login,39,EU,Basic
user_335,5,2,980,63.46371956521737,2024-01-01 05:34:00,admin_task,39,APAC,Premium
user_336,5,2,3528,328.7507074179407,2024-01-01 05:35:00,admin_task,60,EU,Free
user_337,7,0,2829,384.94352363233446,2024-01-01 05:36:00,login,42,APAC,Basic
user_338,4,4,3292,463.58066713154875,2024-01-01 05:37:00,admin_task,39,NA,Basic
user_339,6,3,75,224.70444974187396,2024-01-01 05:38:00,file_access,45,EU,Premium
user_340,4,3,552,451.6740682983377,2024-01-01 05:39:00,file_access,46,SA,Basic
user_341,3,1,1509,440.16666793025047,2024-01-01 05:40:00,admin_task,30,EU,Premium
user_342,7,4,1191,165.42590121504531,2024-01-01 05:41:00,login,35,APAC,Basic
user_343,8,2,3001,435.7613065148798,2024-01-01 05:42:00,login,19,APAC,Enterprise
user_344,4,0,3581,194.07940342204597,2024-01-01 05:43:00,login,46,SA,Basic
user_345,2,1,370,155.46594453453758,2024-01-01 05:44:00,file_access,38,SA,Enterprise
user_346,3,3,798,328.0465828092526,2024-01-01 05:45:00,admin_task,32,SA,Basic
user_347,1,2,3301,170.90680166368972,2024-01-01 05:46:00,admin_task,44,EU,Enterprise
user_348,8,2,605,318.80228668128063,2024-01-01 05:47:00,file_access,48,EU,Enterprise
user_349,3,0,2521,308.81758469436033,2024-01-01 05:48:00,data_modification,32,APAC,Basic
user_350,7,3,310,286.0850744007448,2024-01-01 05:49:00,file_access,40,SA,Basic
user_351,5,4,818,196.40565507407086,2024-01-01 05:50:00,admin_task,41,SA,Basic
user_352,5,2,1864,278.7648636092236,2024-01-01 05:51:00,data_modification,61,NA,Premium
user_353,7,0,3272,302.2778827428566,2024-01-01 05:52:00,admin_task,30,NA,Enterprise
user_354,9,4,1357,277.38657536278197,2024-01-01 05:53:00,login,39,APAC,Enterprise
user_355,5,3,3547,227.76553184808876,2024-01-01 05:54:00,admin_task,60,SA,Enterprise
user_356,1,2,1691,17.186857952669268,2024-01-01 05:55:00,login,54,SA,Free
user_357,1,4,1974,297.66023677356395,2024-01-01 05:56:00,admin_task,50,APAC,Basic
user_358,2,4,3170,92.53774871993262,2024-01-01 05:57:00,file_access,20,EU,Premium
user_359,6,4,873,324.86222478412293,2024-01-01 05:58:00,login,36,NA,Enterprise
user_360,9,2,88,382.07872068220433,2024-01-01 05:59:00,file_access,40,APAC,Premium
user_361,8,2,1017,255.21820147406333,2024-01-01 06:00:00,data_modification,46,SA,Free
user_362,5,1,2092,275.7581958400718,2024-01-01 06:01:00,file_access,47,EU,Enterprise
user_363,1,3,536,476.22449423633566,2024-01-01 06:02:00,data_modification,56,APAC,Enterprise
user_364,7,0,377,425.11200707256137,2024-01-01 06:03:00,data_modification,61,SA,Basic
user_365,5,4,304,457.97589281622027,2024-01-01 06:04:00,file_access,64,NA,Enterprise
user_366,6,1,807,408.74548127659733,2024-01-01 06:05:00,data_modification,42,SA,Basic
user_367,7,0,756,63.369987504898404,2024-01-01 06:06:00,file_access,54,EU,Enterprise
user_368,3,1,331,83.0060094253954,2024-01-01 06:07:00,data_modification,64,EU,Free
user_369,3,2,3571,268.0456606617902,2024-01-01 06:08:00,login,25,NA,Basic
user_370,5,4,1831,130.57413281101913,2024-01-01 06:09:00,admin_task,59,APAC,Enterprise
user_371,6,0,1322,243.58078277016799,2024-01-01 06:10:00,data_modification,33,APAC,Free
user_372,9,0,2484,203.2390086709916,2024-01-01 06:11:00,data_modification,25,SA,Basic
user_373,5,0,325,279.2129768309221,2024-01-01 06:12:00,data_modification,18,NA,Basic
user_374,1,0,3033,375.96910090655314,2024-01-01 06:13:00,data_modification,61,NA,Free
user_375,4,0,980,360.59054447864446,2024-01-01 06:14:00,file_access,22,SA,Free
user_376,5,1,3490,265.40472491781384,2024-01-01 06:15:00,login,20,APAC,Premium
user_377,5,4,399,412.97277522035847,2024-01-01 06:16:00,data_modification,18,NA,Free
user_378,7,2,448,221.12242485363635,2024-01-01 06:17:00,file_access,21,SA,Enterprise
user_379,4,2,2684,449.39000202165994,2024-01-01 06:18:00,file_access,57,NA,Basic
user_380,1,2,2110,44.927332327030314,2024-01-01 06:19:00,admin_task,52,EU,Free
user_381,5,2,3560,477.78341471632064,2024-01-01 06:20:00,data_modification,49,EU,Enterprise
user_382,7,1,1225,330.7996099013606,2024-01-01 06:21:00,file_access,59,EU,Enterprise
user_383,6,3,435,196.2365093792306,2024-01-01 06:22:00,file_access,51,NA,Premium
user_384,5,4,2093,106.6055220207099,2024-01-01 06:23:00,file_access,60,SA,Enterprise
user_385,4,0,2431,244.79978242736397,2024-01-01 06:24:00,file_access,42,SA,Free
user_386,2,3,205,105.33357836079747,2024-01-01 06:25:00,file_access,27,APAC,Basic
user_387,4,2,2041,91.50248779413965,2024-01-01 06:26:00,login,38,NA,Enterprise
user_388,3,3,352,312.50236113235735,2024-01-01 06:27:00,file_access,63,EU,Premium
user_389,1,4,491,266.3115150450745,2024-01-01 06:28:00,admin_task,56,EU,Free
user_390,8,0,764,338.34705695936145,2024-01-01 06:29:00,data_modification,44,APAC,Premium
user_391,5,0,3056,465.5068799367747,2024-01-01 06:30:00,admin_task,44,APAC,Basic
user_392,4,4,2058,270.80750453612967,2024-01-01 06:31:00,data_modification,19,EU,Free
user_393,8,4,2692,294.6567060987709,2024-01-01 06:32:00,file_access,58,EU,Free
user_394,7,2,458,53.91690618592163,2024-01-01 06:33:00,data_modification,30,SA,Basic
user_395,2,0,2924,361.64153509522845,2024-01-01 06:34:00,login,26,NA,Enterprise
user_396,1,3,3475,205.95355133403655,2024-01-01 06:35:00,file_access,53,EU,Premium
user_397,4,1,1023,488.5953669446636,2024-01-01 06:36:00,file_access,39,EU,Premium
user_398,8,1,3271,413.3552676418735,2024-01-01 06:37:00,data_modification,59,NA,Premium
user_399,2,4,2294,266.015709852898,2024-01-01 06:38:00,data_modification,43,APAC,Free
user_400,3,2,2101,70.37910054436136,2024-01-01 06:39:00,file_access,29,APAC,Basic
user_401,1,1,1888,431.11373870748866,2024-01-01 06:40:00,file_access,34,SA,Basic
user_402,1,0,2168,401.8927367577706,2024-01-01 06:41:00,login,31,EU,Free
user_403,3,4,998,100.44671347314616,2024-01-01 06:42:00,file_access,31,SA,Basic
user_404,5,3,3511,154.68636171795194,2024-01-01 06:43:00,admin_task,51,APAC,Enterprise
user_405,3,4,769,398.7695564924403,2024-01-01 06:44:00,admin_task,37,EU,Basic
user_406,1,3,866,100.76193880823074,2024-01-01 06:45:00,login,28,APAC,Free
user_407,1,4,1523,459.6987196939749,2024-01-01 06:46:00,login,33,APAC,Enterprise
user_408,8,4,3450,218.01843834621732,2024-01-01 06:47:00,data_modification,48,APAC,Premium
user_409,2,4,1385,52.64909166795273,2024-01-01 06:48:00,data_modification,23,NA,Free
user_410,3,3,3475,409.71683531709766,2024-01-01 06:49:00,file_access,36,APAC,Premium
user_411,2,3,70,193.01974468880994,2024-01-01 06:50:00,admin_task,54,EU,Free
user_412,3,4,1145,267.9846051353527,2024-01-01 06:51:00,admin_task,21,SA,Free
user_413,7,1,1928,65.02912876149739,2024-01-01 06:52:00,data_modification,64,EU,Basic
user_414,1,2,2333,11.266167274041369,2024-01-01 06:53:00,login,21,SA,Premium
user_415,8,2,3284,322.61275083871584,2024-01-01 06:54:00,login,37,APAC,Free
user_416,2,2,2671,262.4358334635285,2024-01-01 06:55:00,login,27,EU,Basic
user_417,3,3,831,300.8338988703421,2024-01-01 06:56:00,login,41,APAC,Premium
user_418,9,3,1654,398.934486686453,2024-01-01 06:57:00,file_access,52,APAC,Free
user_419,7,1,1667,326.83689757720146,2024-01-01 06:58:00,admin_task,43,APAC,Enterprise
user_420,4,2,1393,95.63898698541482,2024-01-01 06:59:00,login,54,APAC,Free
user_421,5,2,944,186.77853436419392,2024-01-01 07:00:00,file_access,55,APAC,Premium
user_422,2,4,3374,453.8866413460026,2024-01-01 07:01:00,data_modification,38,SA,Premium
user_423,8,3,1449,387.2729031233227,2024-01-01 07:02:00,login,57,APAC,Enterprise
user_424,4,2,3461,282.75215838899146,2024-01-01 07:03:00,data_modification,56,SA,Premium
user_425,9,1,3238,135.26604892654342,2024-01-01 07:04:00,file_access,38,APAC,Basic
user_426,5,1,285,158.0096458990496,2024-01-01 07:05:00,login,27,EU,Basic
user_427,9,2,884,368.65945311696095,2024-01-01 07:06:00,data_modification,55,EU,Premium
user_428,4,3,2325,427.0753878178577,2024-01-01 07:07:00,login,63,APAC,Enterprise
user_429,5,1,996,338.9980880700011,2024-01-01 07:08:00,admin_task,21,APAC,Basic
user_430,9,4,2860,406.66968812653647,2024-01-01 07:09:00,admin_task,62,NA,Free
user_431,8,1,2613,385.6615062481989,2024-01-01 07:10:00,login,37,EU,Enterprise
user_432,3,0,2366,83.35494429890929,2024-01-01 07:11:00,file_access,34,APAC,Basic
user_433,1,0,1971,217.73295832751796,2024-01-01 07:12:00,login,24,NA,Premium
user_434,3,3,1856,84.96206240599571,2024-01-01 07:13:00,admin_task,21,NA,Premium
user_435,4,2,113,125.26543655297256,2024-01-01 07:14:00,data_modification,46,APAC,Enterprise
user_436,2,3,3178,435.93721607901574,2024-01-01 07:15:00,login,31,SA,Premium
user_437,1,3,786,241.71706316025924,2024-01-01 07:16:00,login,20,APAC,Basic
user_438,7,3,2796,272.3254699029038,2024-01-01 07:17:00,admin_task,41,SA,Free
user_439,8,3,1604,97.43852296160834,2024-01-01 07:18:00,file_access,54,SA,Premium
user_440,7,4,3230,163.01317516391006,2024-01-01 07:19:00,admin_task,33,EU,Enterprise
user_441,5,4,1103,122.82062252965626,2024-01-01 07:20:00,data_modification,21,SA,Free
user_442,1,1,1973,111.03122061402894,2024-01-01 07:21:00,admin_task,41,EU,Enterprise
user_443,7,0,1836,322.60078872482535,2024-01-01 07:22:00,data_modification,51,SA,Basic
user_444,7,3,1656,135.87308534640027,2024-01-01 07:23:00,admin_task,47,APAC,Premium
user_445,9,1,1974,319.68758815000507,2024-01-01 07:24:00,admin_task,35,EU,Premium
user_446,3,0,2526,38.64276091319141,2024-01-01 07:25:00,data_modification,36,NA,Enterprise
user_447,9,2,2797,79.46945282827991,2024-01-01 07:26:00,data_modification,48,SA,Free
user_448,1,4,909,144.52472446006144,2024-01-01 07:27:00,data_modification,36,NA,Enterprise
user_449,1,0,2169,302.5529892788889,2024-01-01 07:28:00,admin_task,63,SA,Basic
user_450,4,2,3276,341.16221009281423,2024-01-01 07:29:00,data_modification,36,SA,Basic
user_451,9,0,2323,226.93131372196828,2024-01-01 07:30:00,admin_task,39,APAC,Free
user_452,6,4,62,228.4375481428422,2024-01-01 07:31:00,data_modification,41,SA,Free
user_453,3,4,219,365.01325718532286,2024-01-01 07:32:00,file_access,62,SA,Free
user_454,1,1,840,17.752334965135397,2024-01-01 07:33:00,file_access,29,SA,Enterprise
user_455,4,3,3251,177.13411199236808,2024-01-01 07:34:00,login,47,EU,Premium
user_456,9,0,952,411.16645798842404,2024-01-01 07:35:00,data_modification,55,SA,Enterprise
user_457,3,0,2090,305.5775110045524,2024-01-01 07:36:00,admin_task,48,NA,Premium
user_458,9,2,3220,175.241295050156,2024-01-01 07:37:00,data_modification,53,APAC,Basic
user_459,7,4,2436,453.7071482415402,2024-01-01 07:38:00,data_modification,36,EU,Enterprise
user_460,4,0,639,388.58513645019747,2024-01-01 07:39:00,file_access,62,APAC,Free
user_461,3,4,1993,139.7987691459994,2024-01-01 07:40:00,login,53,APAC,Basic
user_462,5,0,1440,326.1920203876013,2024-01-01 07:41:00,file_access,47,APAC,Enterprise
user_463,5,1,1350,301.91785681258875,2024-01-01 07:42:00,file_access,50,SA,Enterprise
user_464,3,3,1700,206.58207787910152,2024-01-01 07:43:00,file_access,35,SA,Basic
user_465,9,0,1011,189.80847881035234,2024-01-01 07:44:00,data_modification,45,NA,Free
user_466,4,4,3454,178.34463264009494,2024-01-01 07:45:00,login,64,NA,Basic
user_467,5,1,2742,312.40633386386696,2024-01-01 07:46:00,login,28,NA,Enterprise
user_468,4,0,1047,226.78086887552806,2024-01-01 07:47:00,data_modification,62,SA,Premium
user_469,5,2,1278,417.6129254931968,2024-01-01 07:48:00,data_modification,50,APAC,Enterprise
user_470,7,3,980,338.10528190564133,2024-01-01 07:49:00,login,34,SA,Basic
user_471,9,0,2845,44.266486797622726,2024-01-01 07:50:00,file_access,23,NA,Enterprise
user_472,7,1,1415,323.68242967580136,2024-01-01 07:51:00,data_modification,21,NA,Basic
user_473,5,2,229,142.86224388509055,2024-01-01 07:52:00,file_access,37,SA,Basic
user_474,7,1,580,300.4778759101771,2024-01-01 07:53:00,login,64,SA,Enterprise
user_475,5,1,1546,343.26464624069115,2024-01-01 07:54:00,file_access,44,EU,Premium
user_476,3,2,99,123.10630268546592,2024-01-01 07:55:00,admin_task,32,EU,Enterprise
user_477,7,1,1620,233.86073599138064,2024-01-01 07:56:00,data_modification,23,NA,Premium
user_478,2,2,3392,103.25918278134323,2024-01-01 07:57:00,data_modification,64,SA,Free
user_479,9,0,1478,35.64604913538907,2024-01-01 07:58:00,admin_task,31,EU,Premium
user_480,1,2,1014,195.45344750807584,2024-01-01 07:59:00,admin_task,28,EU,Enterprise
user_481,6,2,3357,187.84269320453606,2024-01-01 08:00:00,file_access,56,NA,Premium
user_482,7,3,1043,497.78544044508595,2024-01-01 08:01:00,login,26,SA,Basic
user_483,8,2,3255,228.71265208684466,2024-01-01 08:02:00,file_access,43,NA,Free
user_484,9,2,1034,173.4490792413782,2024-01-01 08:03:00,admin_task,33,EU,Premium
user_485,2,0,97,294.43275329117057,2024-01-01 08:04:00,admin_task,22,APAC,Basic
user_486,2,3,2435,53.49602311280655,2024-01-01 08:05:00,admin_task,27,APAC,Premium
user_487,5,4,1334,481.21621061785845,2024-01-01 08:06:00,file_access,20,SA,Basic
user_488,5,0,1259,321.13042233960624,2024-01-01 08:07:00,data_modification,30,EU,Premium
user_489,6,0,1685,379.8705317710154,2024-01-01 08:08:00,data_modification,60,APAC,Basic
user_490,3,4,973,93.53418970521959,2024-01-01 08:09:00,data_modification,47,NA,Free
user_491,8,2,513,210.64414797254992,2024-01-01 08:10:00,login,62,EU,Enterprise
user_492,1,1,96,217.11766556413286,2024-01-01 08:11:00,login,23,NA,Basic
user_493,6,3,3447,412.68515751153257,2024-01-01 08:12:00,file_access,34,EU,Enterprise
user_494,4,1,1771,10.605973082110626,2024-01-01 08:13:00,login,62,EU,Basic
user_495,1,4,3080,157.41802309309497,2024-01-01 08:14:00,file_access,36,SA,Enterprise
user_496,7,0,855,490.8058234287089,2024-01-01 08:15:00,data_modification,59,NA,Enterprise
user_497,9,0,1032,242.69440631804713,2024-01-01 08:16:00,file_access,52,EU,Free
user_498,4,3,652,197.43787731956405,2024-01-01 08:17:00,login,63,EU,Premium
user_499,4,0,1197,68.71621098864671,2024-01-01 08:18:00,file_access,43,SA,Basic
user_500,6,0,3171,487.34066802772765,2024-01-01 08:19:00,login,22,SA,Enterprise
