user_id,total_steps,steps_completed,completion_time,errors,onboarding_start,onboarding_end
user_1,5,3,402,0,2024-01-01 00:00:00,2024-01-01 00:23:27
user_2,5,3,1287,1,2024-01-01 00:01:00,2024-01-01 00:12:30
user_3,5,3,1573,0,2024-01-01 00:02:00,2024-01-01 00:10:34
user_4,5,3,1776,2,2024-01-01 00:03:00,2024-01-01 00:11:34
user_5,5,4,819,0,2024-01-01 00:04:00,2024-01-01 00:32:46
user_6,5,3,1476,1,2024-01-01 00:05:00,2024-01-01 00:12:07
user_7,5,4,1158,1,2024-01-01 00:06:00,2024-01-01 00:23:39
user_8,5,4,473,1,2024-01-01 00:07:00,2024-01-01 00:18:43
user_9,5,4,1666,0,2024-01-01 00:08:00,2024-01-01 00:30:32
user_10,5,5,1304,2,2024-01-01 00:09:00,2024-01-01 00:19:37
user_11,5,5,730,2,2024-01-01 00:10:00,2024-01-01 00:28:50
user_12,5,4,1026,0,2024-01-01 00:11:00,2024-01-01 00:27:53
user_13,5,5,1149,1,2024-01-01 00:12:00,2024-01-01 00:23:00
user_14,5,3,1647,2,2024-01-01 00:13:00,2024-01-01 00:27:28
user_15,5,3,1289,1,2024-01-01 00:14:00,2024-01-01 00:42:35
user_16,5,4,938,0,2024-01-01 00:15:00,2024-01-01 00:23:37
user_17,5,3,719,1,2024-01-01 00:16:00,2024-01-01 00:24:21
user_18,5,4,893,2,2024-01-01 00:17:00,2024-01-01 00:22:16
user_19,5,4,784,2,2024-01-01 00:18:00,2024-01-01 00:28:21
user_20,5,3,711,1,2024-01-01 00:19:00,2024-01-01 00:32:37
user_21,5,5,1235,0,2024-01-01 00:20:00,2024-01-01 00:47:28
user_22,5,3,1407,1,2024-01-01 00:21:00,2024-01-01 00:49:55
user_23,5,3,1436,0,2024-01-01 00:22:00,2024-01-01 00:49:21
user_24,5,4,631,1,2024-01-01 00:23:00,2024-01-01 00:39:20
user_25,5,4,1701,2,2024-01-01 00:24:00,2024-01-01 00:47:25
user_26,5,4,954,0,2024-01-01 00:25:00,2024-01-01 00:54:57
user_27,5,4,340,0,2024-01-01 00:26:00,2024-01-01 00:55:51
user_28,5,5,1258,0,2024-01-01 00:27:00,2024-01-01 00:39:04
user_29,5,5,404,2,2024-01-01 00:28:00,2024-01-01 00:53:27
user_30,5,5,501,1,2024-01-01 00:29:00,2024-01-01 00:50:58
user_31,5,4,749,2,2024-01-01 00:30:00,2024-01-01 00:41:26
user_32,5,4,1589,0,2024-01-01 00:31:00,2024-01-01 00:48:57
user_33,5,4,1209,1,2024-01-01 00:32:00,2024-01-01 00:38:37
user_34,5,5,509,2,2024-01-01 00:33:00,2024-01-01 01:00:48
user_35,5,4,862,0,2024-01-01 00:34:00,2024-01-01 00:42:27
user_36,5,3,1441,0,2024-01-01 00:35:00,2024-01-01 00:49:45
user_37,5,3,1012,2,2024-01-01 00:36:00,2024-01-01 00:43:45
user_38,5,4,1700,2,2024-01-01 00:37:00,2024-01-01 00:42:21
user_39,5,3,1070,2,2024-01-01 00:38:00,2024-01-01 00:45:33
user_40,5,3,1407,0,2024-01-01 00:39:00,2024-01-01 01:08:22
user_41,5,5,753,2,2024-01-01 00:40:00,2024-01-01 01:06:58
user_42,5,4,966,0,2024-01-01 00:41:00,2024-01-01 00:49:38
user_43,5,4,928,2,2024-01-01 00:42:00,2024-01-01 00:58:08
user_44,5,5,686,0,2024-01-01 00:43:00,2024-01-01 00:51:49
user_45,5,3,1673,0,2024-01-01 00:44:00,2024-01-01 00:49:19
user_46,5,3,595,1,2024-01-01 00:45:00,2024-01-01 00:59:12
user_47,5,4,557,2,2024-01-01 00:46:00,2024-01-01 01:06:49
user_48,5,3,1404,2,2024-01-01 00:47:00,2024-01-01 00:54:27
user_49,5,5,567,0,2024-01-01 00:48:00,2024-01-01 01:11:51
user_50,5,5,718,0,2024-01-01 00:49:00,2024-01-01 01:00:42
user_51,5,4,534,0,2024-01-01 00:50:00,2024-01-01 01:04:55
user_52,5,5,1634,1,2024-01-01 00:51:00,2024-01-01 01:02:06
user_53,5,5,1285,1,2024-01-01 00:52:00,2024-01-01 01:20:57
user_54,5,4,1680,0,2024-01-01 00:53:00,2024-01-01 01:20:12
user_55,5,5,1536,2,2024-01-01 00:54:00,2024-01-01 01:12:21
user_56,5,5,873,2,2024-01-01 00:55:00,2024-01-01 01:15:17
user_57,5,5,348,1,2024-01-01 00:56:00,2024-01-01 01:20:17
user_58,5,3,1450,1,2024-01-01 00:57:00,2024-01-01 01:23:46
user_59,5,4,522,0,2024-01-01 00:58:00,2024-01-01 01:04:12
user_60,5,4,1220,2,2024-01-01 00:59:00,2024-01-01 01:12:00
user_61,5,4,1602,0,2024-01-01 01:00:00,2024-01-01 01:27:55
user_62,5,3,1731,1,2024-01-01 01:01:00,2024-01-01 01:15:19
user_63,5,3,1617,2,2024-01-01 01:02:00,2024-01-01 01:29:29
user_64,5,4,576,2,2024-01-01 01:03:00,2024-01-01 01:20:24
user_65,5,3,1761,1,2024-01-01 01:04:00,2024-01-01 01:33:26
user_66,5,4,1430,0,2024-01-01 01:05:00,2024-01-01 01:11:39
user_67,5,3,719,0,2024-01-01 01:06:00,2024-01-01 01:29:02
user_68,5,5,910,2,2024-01-01 01:07:00,2024-01-01 01:20:27
user_69,5,5,1752,1,2024-01-01 01:08:00,2024-01-01 01:17:17
user_70,5,4,674,2,2024-01-01 01:09:00,2024-01-01 01:20:52
user_71,5,3,372,1,2024-01-01 01:10:00,2024-01-01 01:39:35
user_72,5,3,1353,0,2024-01-01 01:11:00,2024-01-01 01:34:08
user_73,5,5,1511,1,2024-01-01 01:12:00,2024-01-01 01:26:54
user_74,5,5,1687,0,2024-01-01 01:13:00,2024-01-01 01:37:37
user_75,5,3,1774,1,2024-01-01 01:14:00,2024-01-01 01:23:25
user_76,5,3,494,2,2024-01-01 01:15:00,2024-01-01 01:33:40
user_77,5,3,1479,0,2024-01-01 01:16:00,2024-01-01 01:39:22
user_78,5,3,1495,2,2024-01-01 01:17:00,2024-01-01 01:44:18
user_79,5,3,1146,2,2024-01-01 01:18:00,2024-01-01 01:34:01
user_80,5,3,1364,0,2024-01-01 01:19:00,2024-01-01 01:39:46
user_81,5,4,1386,0,2024-01-01 01:20:00,2024-01-01 01:34:19
user_82,5,3,322,2,2024-01-01 01:21:00,2024-01-01 01:41:16
user_83,5,5,659,2,2024-01-01 01:22:00,2024-01-01 01:41:50
user_84,5,4,1398,2,2024-01-01 01:23:00,2024-01-01 01:49:11
user_85,5,3,859,2,2024-01-01 01:24:00,2024-01-01 01:43:27
user_86,5,5,971,0,2024-01-01 01:25:00,2024-01-01 01:40:09
user_87,5,4,1441,0,2024-01-01 01:26:00,2024-01-01 01:37:53
user_88,5,5,1703,2,2024-01-01 01:27:00,2024-01-01 01:32:24
user_89,5,3,978,1,2024-01-01 01:28:00,2024-01-01 01:37:43
user_90,5,3,1613,1,2024-01-01 01:29:00,2024-01-01 01:58:32
user_91,5,3,739,0,2024-01-01 01:30:00,2024-01-01 01:49:40
user_92,5,3,1232,2,2024-01-01 01:31:00,2024-01-01 01:41:00
user_93,5,4,306,2,2024-01-01 01:32:00,2024-01-01 01:55:11
user_94,5,4,1519,0,2024-01-01 01:33:00,2024-01-01 01:55:10
user_95,5,5,720,1,2024-01-01 01:34:00,2024-01-01 01:52:36
user_96,5,3,1132,1,2024-01-01 01:35:00,2024-01-01 01:59:20
user_97,5,5,1516,1,2024-01-01 01:36:00,2024-01-01 02:00:47
user_98,5,4,858,0,2024-01-01 01:37:00,2024-01-01 01:43:22
user_99,5,3,1471,1,2024-01-01 01:38:00,2024-01-01 02:07:03
user_100,5,3,1525,0,2024-01-01 01:39:00,2024-01-01 02:02:16
user_101,5,4,1767,0,2024-01-01 01:40:00,2024-01-01 02:06:00
user_102,5,4,1213,2,2024-01-01 01:41:00,2024-01-01 01:46:45
user_103,5,4,1742,1,2024-01-01 01:42:00,2024-01-01 01:57:17
user_104,5,4,1750,0,2024-01-01 01:43:00,2024-01-01 02:03:27
user_105,5,4,1306,1,2024-01-01 01:44:00,2024-01-01 01:53:21
user_106,5,3,1798,1,2024-01-01 01:45:00,2024-01-01 01:52:55
user_107,5,4,425,2,2024-01-01 01:46:00,2024-01-01 02:10:49
user_108,5,3,694,1,2024-01-01 01:47:00,2024-01-01 02:02:56
user_109,5,3,1116,2,2024-01-01 01:48:00,2024-01-01 02:07:01
user_110,5,4,1180,0,2024-01-01 01:49:00,2024-01-01 02:00:09
user_111,5,4,875,1,2024-01-01 01:50:00,2024-01-01 01:55:53
user_112,5,3,624,0,2024-01-01 01:51:00,2024-01-01 02:07:29
user_113,5,4,1715,1,2024-01-01 01:52:00,2024-01-01 02:21:02
user_114,5,4,1229,0,2024-01-01 01:53:00,2024-01-01 02:20:44
user_115,5,4,1763,1,2024-01-01 01:54:00,2024-01-01 02:18:10
user_116,5,5,1527,1,2024-01-01 01:55:00,2024-01-01 02:23:52
user_117,5,3,1132,1,2024-01-01 01:56:00,2024-01-01 02:07:06
user_118,5,5,1354,1,2024-01-01 01:57:00,2024-01-01 02:23:34
user_119,5,4,1711,1,2024-01-01 01:58:00,2024-01-01 02:13:43
user_120,5,5,1757,1,2024-01-01 01:59:00,2024-01-01 02:10:18
user_121,5,4,1136,1,2024-01-01 02:00:00,2024-01-01 02:06:12
user_122,5,5,1225,1,2024-01-01 02:01:00,2024-01-01 02:21:14
user_123,5,4,1699,1,2024-01-01 02:02:00,2024-01-01 02:28:11
user_124,5,5,1667,0,2024-01-01 02:03:00,2024-01-01 02:22:19
user_125,5,5,742,2,2024-01-01 02:04:00,2024-01-01 02:09:42
user_126,5,5,374,1,2024-01-01 02:05:00,2024-01-01 02:16:16
user_127,5,3,856,2,2024-01-01 02:06:00,2024-01-01 02:28:44
user_128,5,5,1478,1,2024-01-01 02:07:00,2024-01-01 02:14:49
user_129,5,3,1753,1,2024-01-01 02:08:00,2024-01-01 02:16:31
user_130,5,4,662,0,2024-01-01 02:09:00,2024-01-01 02:14:38
user_131,5,5,747,0,2024-01-01 02:10:00,2024-01-01 02:21:08
user_132,5,4,1557,2,2024-01-01 02:11:00,2024-01-01 02:28:36
user_133,5,4,561,0,2024-01-01 02:12:00,2024-01-01 02:19:30
user_134,5,5,424,0,2024-01-01 02:13:00,2024-01-01 02:36:54
user_135,5,3,1210,2,2024-01-01 02:14:00,2024-01-01 02:43:19
user_136,5,5,544,0,2024-01-01 02:15:00,2024-01-01 02:37:50
user_137,5,4,841,1,2024-01-01 02:16:00,2024-01-01 02:38:03
user_138,5,4,784,2,2024-01-01 02:17:00,2024-01-01 02:34:16
user_139,5,5,421,2,2024-01-01 02:18:00,2024-01-01 02:46:09
user_140,5,3,424,1,2024-01-01 02:19:00,2024-01-01 02:25:08
user_141,5,3,469,0,2024-01-01 02:20:00,2024-01-01 02:29:58
user_142,5,4,423,2,2024-01-01 02:21:00,2024-01-01 02:41:43
user_143,5,4,1358,2,2024-01-01 02:22:00,2024-01-01 02:40:21
user_144,5,3,1410,1,2024-01-01 02:23:00,2024-01-01 02:32:55
user_145,5,5,945,1,2024-01-01 02:24:00,2024-01-01 02:32:22
user_146,5,4,1085,0,2024-01-01 02:25:00,2024-01-01 02:31:00
user_147,5,3,500,2,2024-01-01 02:26:00,2024-01-01 02:46:45
user_148,5,4,668,0,2024-01-01 02:27:00,2024-01-01 02:48:02
user_149,5,5,1096,0,2024-01-01 02:28:00,2024-01-01 02:55:17
user_150,5,3,376,1,2024-01-01 02:29:00,2024-01-01 02:53:44
user_151,5,4,358,2,2024-01-01 02:30:00,2024-01-01 02:40:30
user_152,5,5,730,2,2024-01-01 02:31:00,2024-01-01 02:41:37
user_153,5,4,937,2,2024-01-01 02:32:00,2024-01-01 02:59:07
user_154,5,5,408,1,2024-01-01 02:33:00,2024-01-01 03:00:41
user_155,5,5,1307,1,2024-01-01 02:34:00,2024-01-01 02:49:38
user_156,5,3,1601,1,2024-01-01 02:35:00,2024-01-01 02:44:34
user_157,5,5,367,1,2024-01-01 02:36:00,2024-01-01 03:00:47
user_158,5,4,1392,1,2024-01-01 02:37:00,2024-01-01 03:06:26
user_159,5,5,1488,2,2024-01-01 02:38:00,2024-01-01 02:48:18
user_160,5,5,604,0,2024-01-01 02:39:00,2024-01-01 02:53:48
user_161,5,3,973,2,2024-01-01 02:40:00,2024-01-01 02:53:23
user_162,5,5,664,0,2024-01-01 02:41:00,2024-01-01 02:52:26
user_163,5,5,1120,1,2024-01-01 02:42:00,2024-01-01 03:01:29
user_164,5,4,1702,0,2024-01-01 02:43:00,2024-01-01 03:01:52
user_165,5,3,642,2,2024-01-01 02:44:00,2024-01-01 03:05:54
user_166,5,3,1246,2,2024-01-01 02:45:00,2024-01-01 03:00:02
user_167,5,3,1198,0,2024-01-01 02:46:00,2024-01-01 03:02:30
user_168,5,5,1677,1,2024-01-01 02:47:00,2024-01-01 03:00:13
user_169,5,3,1739,1,2024-01-01 02:48:00,2024-01-01 03:01:09
user_170,5,5,1432,2,2024-01-01 02:49:00,2024-01-01 03:06:00
user_171,5,5,1061,0,2024-01-01 02:50:00,2024-01-01 03:13:16
user_172,5,4,640,1,2024-01-01 02:51:00,2024-01-01 03:04:28
user_173,5,4,1241,1,2024-01-01 02:52:00,2024-01-01 03:03:29
user_174,5,4,682,2,2024-01-01 02:53:00,2024-01-01 03:02:54
user_175,5,4,1303,1,2024-01-01 02:54:00,2024-01-01 03:22:12
user_176,5,4,599,0,2024-01-01 02:55:00,2024-01-01 03:13:15
user_177,5,5,438,2,2024-01-01 02:56:00,2024-01-01 03:15:24
user_178,5,5,658,2,2024-01-01 02:57:00,2024-01-01 03:11:08
user_179,5,3,1135,0,2024-01-01 02:58:00,2024-01-01 03:13:48
user_180,5,5,1708,2,2024-01-01 02:59:00,2024-01-01 03:13:27
user_181,5,5,1603,1,2024-01-01 03:00:00,2024-01-01 03:25:10
user_182,5,4,782,1,2024-01-01 03:01:00,2024-01-01 03:20:12
user_183,5,5,1208,0,2024-01-01 03:02:00,2024-01-01 03:19:49
user_184,5,4,1434,1,2024-01-01 03:03:00,2024-01-01 03:15:24
user_185,5,3,1165,0,2024-01-01 03:04:00,2024-01-01 03:15:02
user_186,5,3,438,0,2024-01-01 03:05:00,2024-01-01 03:12:02
user_187,5,5,1295,1,2024-01-01 03:06:00,2024-01-01 03:31:11
user_188,5,3,734,0,2024-01-01 03:07:00,2024-01-01 03:24:21
user_189,5,5,808,1,2024-01-01 03:08:00,2024-01-01 03:24:19
user_190,5,3,572,2,2024-01-01 03:09:00,2024-01-01 03:20:59
user_191,5,4,1422,2,2024-01-01 03:10:00,2024-01-01 03:36:15
user_192,5,4,403,0,2024-01-01 03:11:00,2024-01-01 03:38:38
user_193,5,4,1537,1,2024-01-01 03:12:00,2024-01-01 03:18:31
user_194,5,4,1061,1,2024-01-01 03:13:00,2024-01-01 03:19:02
user_195,5,5,1086,2,2024-01-01 03:14:00,2024-01-01 03:27:31
user_196,5,3,464,2,2024-01-01 03:15:00,2024-01-01 03:39:22
user_197,5,5,1298,1,2024-01-01 03:16:00,2024-01-01 03:41:08
user_198,5,4,819,0,2024-01-01 03:17:00,2024-01-01 03:42:28
user_199,5,5,1607,2,2024-01-01 03:18:00,2024-01-01 03:35:51
user_200,5,3,816,0,2024-01-01 03:19:00,2024-01-01 03:44:37
user_201,5,5,956,0,2024-01-01 03:20:00,2024-01-01 03:29:15
user_202,5,3,912,2,2024-01-01 03:21:00,2024-01-01 03:28:14
user_203,5,5,463,0,2024-01-01 03:22:00,2024-01-01 03:41:34
user_204,5,3,363,0,2024-01-01 03:23:00,2024-01-01 03:41:41
user_205,5,3,1414,1,2024-01-01 03:24:00,2024-01-01 03:30:27
user_206,5,4,1440,0,2024-01-01 03:25:00,2024-01-01 03:46:27
user_207,5,3,566,1,2024-01-01 03:26:00,2024-01-01 03:51:30
user_208,5,4,1463,2,2024-01-01 03:27:00,2024-01-01 03:51:12
user_209,5,4,545,2,2024-01-01 03:28:00,2024-01-01 03:46:42
user_210,5,4,694,1,2024-01-01 03:29:00,2024-01-01 03:51:06
user_211,5,5,775,2,2024-01-01 03:30:00,2024-01-01 03:51:13
user_212,5,5,1276,0,2024-01-01 03:31:00,2024-01-01 03:51:33
user_213,5,5,1507,0,2024-01-01 03:32:00,2024-01-01 03:39:00
user_214,5,5,1343,0,2024-01-01 03:33:00,2024-01-01 04:01:28
user_215,5,3,857,2,2024-01-01 03:34:00,2024-01-01 03:56:41
user_216,5,3,1317,0,2024-01-01 03:35:00,2024-01-01 04:02:44
user_217,5,5,1182,2,2024-01-01 03:36:00,2024-01-01 03:57:47
user_218,5,3,446,0,2024-01-01 03:37:00,2024-01-01 03:57:24
user_219,5,3,965,1,2024-01-01 03:38:00,2024-01-01 03:53:44
user_220,5,4,1627,2,2024-01-01 03:39:00,2024-01-01 03:55:53
user_221,5,4,919,2,2024-01-01 03:40:00,2024-01-01 03:59:19
user_222,5,4,1119,0,2024-01-01 03:41:00,2024-01-01 03:46:20
user_223,5,4,1163,2,2024-01-01 03:42:00,2024-01-01 03:51:01
user_224,5,3,881,2,2024-01-01 03:43:00,2024-01-01 03:55:34
user_225,5,5,1322,1,2024-01-01 03:44:00,2024-01-01 04:05:02
user_226,5,3,994,1,2024-01-01 03:45:00,2024-01-01 04:00:20
user_227,5,3,1551,0,2024-01-01 03:46:00,2024-01-01 03:56:02
user_228,5,3,1425,1,2024-01-01 03:47:00,2024-01-01 04:05:22
user_229,5,4,1740,0,2024-01-01 03:48:00,2024-01-01 04:09:03
user_230,5,4,1539,0,2024-01-01 03:49:00,2024-01-01 03:55:08
user_231,5,4,706,0,2024-01-01 03:50:00,2024-01-01 04:14:12
user_232,5,5,698,2,2024-01-01 03:51:00,2024-01-01 03:59:15
user_233,5,3,1014,1,2024-01-01 03:52:00,2024-01-01 03:59:19
user_234,5,5,1003,0,2024-01-01 03:53:00,2024-01-01 04:22:27
user_235,5,4,1060,1,2024-01-01 03:54:00,2024-01-01 04:03:42
user_236,5,5,798,0,2024-01-01 03:55:00,2024-01-01 04:05:11
user_237,5,3,1788,1,2024-01-01 03:56:00,2024-01-01 04:13:25
user_238,5,3,1273,1,2024-01-01 03:57:00,2024-01-01 04:06:36
user_239,5,4,381,0,2024-01-01 03:58:00,2024-01-01 04:04:00
user_240,5,4,903,2,2024-01-01 03:59:00,2024-01-01 04:26:22
user_241,5,5,1071,1,2024-01-01 04:00:00,2024-01-01 04:05:51
user_242,5,4,1202,2,2024-01-01 04:01:00,2024-01-01 04:08:32
user_243,5,4,664,2,2024-01-01 04:02:00,2024-01-01 04:29:14
user_244,5,3,462,0,2024-01-01 04:03:00,2024-01-01 04:17:03
user_245,5,4,1371,0,2024-01-01 04:04:00,2024-01-01 04:18:26
user_246,5,4,810,0,2024-01-01 04:05:00,2024-01-01 04:33:32
user_247,5,3,1652,1,2024-01-01 04:06:00,2024-01-01 04:21:21
user_248,5,3,415,0,2024-01-01 04:07:00,2024-01-01 04:32:00
user_249,5,5,1240,0,2024-01-01 04:08:00,2024-01-01 04:36:05
user_250,5,4,636,1,2024-01-01 04:09:00,2024-01-01 04:19:13
user_251,5,3,1180,1,2024-01-01 04:10:00,2024-01-01 04:28:26
user_252,5,5,1036,0,2024-01-01 04:11:00,2024-01-01 04:30:07
user_253,5,5,1139,0,2024-01-01 04:12:00,2024-01-01 04:18:36
user_254,5,4,446,0,2024-01-01 04:13:00,2024-01-01 04:32:40
user_255,5,4,1646,0,2024-01-01 04:14:00,2024-01-01 04:39:36
user_256,5,5,742,2,2024-01-01 04:15:00,2024-01-01 04:33:48
user_257,5,3,1136,2,2024-01-01 04:16:00,2024-01-01 04:23:16
user_258,5,5,1336,0,2024-01-01 04:17:00,2024-01-01 04:39:09
user_259,5,4,1242,2,2024-01-01 04:18:00,2024-01-01 04:39:50
user_260,5,3,586,1,2024-01-01 04:19:00,2024-01-01 04:25:48
user_261,5,3,1019,2,2024-01-01 04:20:00,2024-01-01 04:34:06
user_262,5,5,1437,2,2024-01-01 04:21:00,2024-01-01 04:43:42
user_263,5,4,779,0,2024-01-01 04:22:00,2024-01-01 04:38:01
user_264,5,5,321,2,2024-01-01 04:23:00,2024-01-01 04:35:04
user_265,5,5,1672,2,2024-01-01 04:24:00,2024-01-01 04:39:29
user_266,5,5,982,2,2024-01-01 04:25:00,2024-01-01 04:34:20
user_267,5,3,1205,2,2024-01-01 04:26:00,2024-01-01 04:55:09
user_268,5,3,619,1,2024-01-01 04:27:00,2024-01-01 04:33:26
user_269,5,4,425,0,2024-01-01 04:28:00,2024-01-01 04:40:44
user_270,5,4,576,0,2024-01-01 04:29:00,2024-01-01 04:35:15
user_271,5,5,1527,1,2024-01-01 04:30:00,2024-01-01 04:42:50
user_272,5,5,493,2,2024-01-01 04:31:00,2024-01-01 04:42:53
user_273,5,5,995,1,2024-01-01 04:32:00,2024-01-01 04:50:44
user_274,5,4,1609,2,2024-01-01 04:33:00,2024-01-01 04:52:54
user_275,5,3,356,1,2024-01-01 04:34:00,2024-01-01 04:51:05
user_276,5,3,1626,0,2024-01-01 04:35:00,2024-01-01 04:47:36
user_277,5,5,1486,0,2024-01-01 04:36:00,2024-01-01 05:02:48
user_278,5,5,318,0,2024-01-01 04:37:00,2024-01-01 05:03:02
user_279,5,5,1693,2,2024-01-01 04:38:00,2024-01-01 04:53:52
user_280,5,5,563,2,2024-01-01 04:39:00,2024-01-01 04:55:11
user_281,5,4,1093,1,2024-01-01 04:40:00,2024-01-01 05:08:15
user_282,5,3,412,1,2024-01-01 04:41:00,2024-01-01 04:54:14
user_283,5,5,1650,0,2024-01-01 04:42:00,2024-01-01 05:04:48
user_284,5,4,841,2,2024-01-01 04:43:00,2024-01-01 05:11:44
user_285,5,5,946,1,2024-01-01 04:44:00,2024-01-01 05:10:10
user_286,5,5,878,2,2024-01-01 04:45:00,2024-01-01 04:59:56
user_287,5,3,1388,2,2024-01-01 04:46:00,2024-01-01 04:58:29
user_288,5,5,1615,0,2024-01-01 04:47:00,2024-01-01 05:00:04
user_289,5,3,324,0,2024-01-01 04:48:00,2024-01-01 05:03:45
user_290,5,3,300,2,2024-01-01 04:49:00,2024-01-01 05:04:19
user_291,5,3,1210,2,2024-01-01 04:50:00,2024-01-01 05:12:21
user_292,5,4,440,2,2024-01-01 04:51:00,2024-01-01 05:07:01
user_293,5,4,947,2,2024-01-01 04:52:00,2024-01-01 05:09:37
user_294,5,3,487,0,2024-01-01 04:53:00,2024-01-01 05:02:48
user_295,5,5,1451,1,2024-01-01 04:54:00,2024-01-01 05:22:57
user_296,5,3,500,0,2024-01-01 04:55:00,2024-01-01 05:12:00
user_297,5,5,1450,1,2024-01-01 04:56:00,2024-01-01 05:11:37
user_298,5,3,556,2,2024-01-01 04:57:00,2024-01-01 05:05:54
user_299,5,5,846,1,2024-01-01 04:58:00,2024-01-01 05:09:55
user_300,5,4,493,0,2024-01-01 04:59:00,2024-01-01 05:19:37
user_301,5,5,1002,0,2024-01-01 05:00:00,2024-01-01 05:13:18
user_302,5,3,1427,2,2024-01-01 05:01:00,2024-01-01 05:22:13
user_303,5,4,1588,0,2024-01-01 05:02:00,2024-01-01 05:17:33
user_304,5,5,1101,2,2024-01-01 05:03:00,2024-01-01 05:24:59
user_305,5,5,1241,0,2024-01-01 05:04:00,2024-01-01 05:10:54
user_306,5,5,1707,0,2024-01-01 05:05:00,2024-01-01 05:25:31
user_307,5,5,1583,2,2024-01-01 05:06:00,2024-01-01 05:22:13
user_308,5,5,713,1,2024-01-01 05:07:00,2024-01-01 05:32:57
user_309,5,4,1681,0,2024-01-01 05:08:00,2024-01-01 05:30:14
user_310,5,4,1398,1,2024-01-01 05:09:00,2024-01-01 05:17:25
user_311,5,4,1678,0,2024-01-01 05:10:00,2024-01-01 05:19:06
user_312,5,4,1209,0,2024-01-01 05:11:00,2024-01-01 05:28:37
user_313,5,3,487,0,2024-01-01 05:12:00,2024-01-01 05:36:10
user_314,5,4,1613,0,2024-01-01 05:13:00,2024-01-01 05:20:26
user_315,5,5,344,1,2024-01-01 05:14:00,2024-01-01 05:20:57
user_316,5,5,382,1,2024-01-01 05:15:00,2024-01-01 05:43:25
user_317,5,4,1446,0,2024-01-01 05:16:00,2024-01-01 05:27:51
user_318,5,5,657,0,2024-01-01 05:17:00,2024-01-01 05:28:02
user_319,5,4,1389,1,2024-01-01 05:18:00,2024-01-01 05:25:16
user_320,5,5,1235,2,2024-01-01 05:19:00,2024-01-01 05:43:58
user_321,5,3,674,2,2024-01-01 05:20:00,2024-01-01 05:46:52
user_322,5,3,461,1,2024-01-01 05:21:00,2024-01-01 05:41:57
user_323,5,4,1703,0,2024-01-01 05:22:00,2024-01-01 05:27:18
user_324,5,4,1681,0,2024-01-01 05:23:00,2024-01-01 05:31:14
user_325,5,4,1511,2,2024-01-01 05:24:00,2024-01-01 05:34:29
user_326,5,5,621,2,2024-01-01 05:25:00,2024-01-01 05:32:54
user_327,5,4,749,1,2024-01-01 05:26:00,2024-01-01 05:47:41
user_328,5,3,1797,2,2024-01-01 05:27:00,2024-01-01 05:39:28
user_329,5,5,1336,1,2024-01-01 05:28:00,2024-01-01 05:48:45
user_330,5,4,483,2,2024-01-01 05:29:00,2024-01-01 05:56:57
user_331,5,5,410,2,2024-01-01 05:30:00,2024-01-01 05:37:20
user_332,5,5,807,2,2024-01-01 05:31:00,2024-01-01 05:48:37
user_333,5,4,1613,0,2024-01-01 05:32:00,2024-01-01 05:52:29
user_334,5,5,594,0,2024-01-01 05:33:00,2024-01-01 05:39:32
user_335,5,3,1774,0,2024-01-01 05:34:00,2024-01-01 05:42:58
user_336,5,3,1203,2,2024-01-01 05:35:00,2024-01-01 05:43:24
user_337,5,5,1538,1,2024-01-01 05:36:00,2024-01-01 05:50:19
user_338,5,4,1273,1,2024-01-01 05:37:00,2024-01-01 06:06:16
user_339,5,5,931,1,2024-01-01 05:38:00,2024-01-01 05:47:04
user_340,5,3,1350,1,2024-01-01 05:39:00,2024-01-01 05:57:51
user_341,5,5,1032,0,2024-01-01 05:40:00,2024-01-01 06:07:20
user_342,5,5,1554,0,2024-01-01 05:41:00,2024-01-01 06:01:24
user_343,5,3,620,2,2024-01-01 05:42:00,2024-01-01 05:51:54
user_344,5,5,1212,2,2024-01-01 05:43:00,2024-01-01 05:58:39
user_345,5,5,1556,1,2024-01-01 05:44:00,2024-01-01 06:03:15
user_346,5,4,736,0,2024-01-01 05:45:00,2024-01-01 06:11:45
user_347,5,4,1080,1,2024-01-01 05:46:00,2024-01-01 05:51:16
user_348,5,3,1726,2,2024-01-01 05:47:00,2024-01-01 05:53:10
user_349,5,3,1376,2,2024-01-01 05:48:00,2024-01-01 06:14:32
user_350,5,3,1636,1,2024-01-01 05:49:00,2024-01-01 06:16:28
user_351,5,4,1604,2,2024-01-01 05:50:00,2024-01-01 06:00:04
user_352,5,3,1025,1,2024-01-01 05:51:00,2024-01-01 06:20:34
user_353,5,3,330,0,2024-01-01 05:52:00,2024-01-01 06:14:10
user_354,5,3,636,1,2024-01-01 05:53:00,2024-01-01 06:20:17
user_355,5,4,482,0,2024-01-01 05:54:00,2024-01-01 06:12:36
user_356,5,5,1346,0,2024-01-01 05:55:00,2024-01-01 06:18:46
user_357,5,3,843,2,2024-01-01 05:56:00,2024-01-01 06:14:40
user_358,5,5,1769,2,2024-01-01 05:57:00,2024-01-01 06:05:12
user_359,5,3,1397,2,2024-01-01 05:58:00,2024-01-01 06:11:48
user_360,5,5,1333,1,2024-01-01 05:59:00,2024-01-01 06:06:50
user_361,5,4,1779,1,2024-01-01 06:00:00,2024-01-01 06:09:10
user_362,5,4,959,2,2024-01-01 06:01:00,2024-01-01 06:29:30
user_363,5,3,459,1,2024-01-01 06:02:00,2024-01-01 06:27:30
user_364,5,5,1337,2,2024-01-01 06:03:00,2024-01-01 06:17:00
user_365,5,4,1501,1,2024-01-01 06:04:00,2024-01-01 06:15:55
user_366,5,3,711,0,2024-01-01 06:05:00,2024-01-01 06:23:13
user_367,5,3,1311,0,2024-01-01 06:06:00,2024-01-01 06:34:23
user_368,5,4,352,2,2024-01-01 06:07:00,2024-01-01 06:31:27
user_369,5,4,707,1,2024-01-01 06:08:00,2024-01-01 06:13:24
user_370,5,3,1146,1,2024-01-01 06:09:00,2024-01-01 06:25:07
user_371,5,5,1345,0,2024-01-01 06:10:00,2024-01-01 06:33:16
user_372,5,5,1353,0,2024-01-01 06:11:00,2024-01-01 06:26:31
user_373,5,5,1002,2,2024-01-01 06:12:00,2024-01-01 06:35:36
user_374,5,3,559,0,2024-01-01 06:13:00,2024-01-01 06:26:24
user_375,5,4,1528,2,2024-01-01 06:14:00,2024-01-01 06:24:35
user_376,5,3,1382,0,2024-01-01 06:15:00,2024-01-01 06:27:04
user_377,5,4,1794,0,2024-01-01 06:16:00,2024-01-01 06:29:18
user_378,5,5,1075,1,2024-01-01 06:17:00,2024-01-01 06:45:07
user_379,5,5,1789,0,2024-01-01 06:18:00,2024-01-01 06:38:46
user_380,5,4,1335,0,2024-01-01 06:19:00,2024-01-01 06:34:29
user_381,5,4,1613,2,2024-01-01 06:20:00,2024-01-01 06:45:22
user_382,5,3,1149,0,2024-01-01 06:21:00,2024-01-01 06:37:57
user_383,5,5,653,2,2024-01-01 06:22:00,2024-01-01 06:50:56
user_384,5,3,1398,0,2024-01-01 06:23:00,2024-01-01 06:33:38
user_385,5,3,1172,0,2024-01-01 06:24:00,2024-01-01 06:39:58
user_386,5,3,1764,2,2024-01-01 06:25:00,2024-01-01 06:46:01
user_387,5,5,1290,1,2024-01-01 06:26:00,2024-01-01 06:38:08
user_388,5,3,1564,2,2024-01-01 06:27:00,2024-01-01 06:46:58
user_389,5,3,1317,2,2024-01-01 06:28:00,2024-01-01 06:35:18
user_390,5,3,1477,2,2024-01-01 06:29:00,2024-01-01 06:49:41
user_391,5,3,1419,1,2024-01-01 06:30:00,2024-01-01 06:44:01
user_392,5,3,593,0,2024-01-01 06:31:00,2024-01-01 06:36:56
user_393,5,3,508,2,2024-01-01 06:32:00,2024-01-01 06:57:55
user_394,5,5,1666,2,2024-01-01 06:33:00,2024-01-01 06:48:57
user_395,5,3,1411,1,2024-01-01 06:34:00,2024-01-01 06:46:14
user_396,5,4,1117,2,2024-01-01 06:35:00,2024-01-01 06:46:23
user_397,5,3,689,0,2024-01-01 06:36:00,2024-01-01 06:50:19
user_398,5,3,624,1,2024-01-01 06:37:00,2024-01-01 06:45:13
user_399,5,5,1239,0,2024-01-01 06:38:00,2024-01-01 06:51:53
user_400,5,5,1188,0,2024-01-01 06:39:00,2024-01-01 06:52:37
user_401,5,4,1480,1,2024-01-01 06:40:00,2024-01-01 06:56:55
user_402,5,4,967,2,2024-01-01 06:41:00,2024-01-01 06:58:30
user_403,5,5,932,0,2024-01-01 06:42:00,2024-01-01 06:50:04
user_404,5,5,876,0,2024-01-01 06:43:00,2024-01-01 06:52:51
user_405,5,3,436,0,2024-01-01 06:44:00,2024-01-01 07:11:38
user_406,5,5,727,0,2024-01-01 06:45:00,2024-01-01 07:02:11
user_407,5,4,1775,1,2024-01-01 06:46:00,2024-01-01 06:52:55
user_408,5,3,911,1,2024-01-01 06:47:00,2024-01-01 07:05:44
user_409,5,4,1210,0,2024-01-01 06:48:00,2024-01-01 07:10:52
user_410,5,3,1118,2,2024-01-01 06:49:00,2024-01-01 07:05:24
user_411,5,5,440,0,2024-01-01 06:50:00,2024-01-01 06:56:21
user_412,5,4,1406,2,2024-01-01 06:51:00,2024-01-01 07:09:53
user_413,5,3,476,0,2024-01-01 06:52:00,2024-01-01 07:02:32
user_414,5,3,497,2,2024-01-01 06:53:00,2024-01-01 07:07:16
user_415,5,5,923,0,2024-01-01 06:54:00,2024-01-01 07:04:34
user_416,5,5,990,2,2024-01-01 06:55:00,2024-01-01 07:08:51
user_417,5,5,1744,0,2024-01-01 06:56:00,2024-01-01 07:04:40
user_418,5,4,700,0,2024-01-01 06:57:00,2024-01-01 07:12:34
user_419,5,3,770,2,2024-01-01 06:58:00,2024-01-01 07:08:22
user_420,5,5,517,1,2024-01-01 06:59:00,2024-01-01 07:04:02
user_421,5,4,1228,2,2024-01-01 07:00:00,2024-01-01 07:08:25
user_422,5,4,931,1,2024-01-01 07:01:00,2024-01-01 07:06:39
user_423,5,4,1250,0,2024-01-01 07:02:00,2024-01-01 07:07:58
user_424,5,5,1205,2,2024-01-01 07:03:00,2024-01-01 07:23:50
user_425,5,5,474,2,2024-01-01 07:04:00,2024-01-01 07:18:33
user_426,5,3,322,2,2024-01-01 07:05:00,2024-01-01 07:20:43
user_427,5,3,534,1,2024-01-01 07:06:00,2024-01-01 07:25:02
user_428,5,5,1336,1,2024-01-01 07:07:00,2024-01-01 07:31:05
user_429,5,4,1424,0,2024-01-01 07:08:00,2024-01-01 07:23:18
user_430,5,4,1228,1,2024-01-01 07:09:00,2024-01-01 07:15:35
user_431,5,4,822,1,2024-01-01 07:10:00,2024-01-01 07:38:57
user_432,5,3,1775,0,2024-01-01 07:11:00,2024-01-01 07:36:58
user_433,5,4,730,2,2024-01-01 07:12:00,2024-01-01 07:31:57
user_434,5,3,1092,2,2024-01-01 07:13:00,2024-01-01 07:36:05
user_435,5,3,832,0,2024-01-01 07:14:00,2024-01-01 07:40:19
user_436,5,4,1278,2,2024-01-01 07:15:00,2024-01-01 07:29:20
user_437,5,4,1616,1,2024-01-01 07:16:00,2024-01-01 07:36:04
user_438,5,5,1109,0,2024-01-01 07:17:00,2024-01-01 07:27:47
user_439,5,5,1212,0,2024-01-01 07:18:00,2024-01-01 07:34:10
user_440,5,4,1424,0,2024-01-01 07:19:00,2024-01-01 07:43:07
user_441,5,3,1627,2,2024-01-01 07:20:00,2024-01-01 07:30:16
user_442,5,3,1170,0,2024-01-01 07:21:00,2024-01-01 07:37:58
user_443,5,3,839,0,2024-01-01 07:22:00,2024-01-01 07:44:51
user_444,5,3,1323,0,2024-01-01 07:23:00,2024-01-01 07:51:52
user_445,5,3,1678,2,2024-01-01 07:24:00,2024-01-01 07:48:19
user_446,5,5,1626,1,2024-01-01 07:25:00,2024-01-01 07:50:24
user_447,5,4,526,0,2024-01-01 07:26:00,2024-01-01 07:35:09
user_448,5,5,1559,1,2024-01-01 07:27:00,2024-01-01 07:37:13
user_449,5,3,1172,2,2024-01-01 07:28:00,2024-01-01 07:56:11
user_450,5,3,1191,2,2024-01-01 07:29:00,2024-01-01 07:58:12
user_451,5,3,1778,2,2024-01-01 07:30:00,2024-01-01 07:48:26
user_452,5,3,1336,2,2024-01-01 07:31:00,2024-01-01 07:58:17
user_453,5,4,509,1,2024-01-01 07:32:00,2024-01-01 07:59:58
user_454,5,3,1040,0,2024-01-01 07:33:00,2024-01-01 07:46:04
user_455,5,4,696,2,2024-01-01 07:34:00,2024-01-01 07:59:34
user_456,5,3,1423,2,2024-01-01 07:35:00,2024-01-01 07:40:43
user_457,5,4,330,1,2024-01-01 07:36:00,2024-01-01 07:50:30
user_458,5,5,1197,1,2024-01-01 07:37:00,2024-01-01 07:51:42
user_459,5,3,948,2,2024-01-01 07:38:00,2024-01-01 08:01:35
user_460,5,4,628,0,2024-01-01 07:39:00,2024-01-01 08:05:28
user_461,5,5,1489,0,2024-01-01 07:40:00,2024-01-01 07:59:54
user_462,5,3,1782,2,2024-01-01 07:41:00,2024-01-01 07:49:39
user_463,5,3,1251,1,2024-01-01 07:42:00,2024-01-01 08:02:24
user_464,5,3,1423,2,2024-01-01 07:43:00,2024-01-01 08:12:25
user_465,5,4,920,2,2024-01-01 07:44:00,2024-01-01 07:55:40
user_466,5,4,1496,1,2024-01-01 07:45:00,2024-01-01 08:13:43
user_467,5,5,461,2,2024-01-01 07:46:00,2024-01-01 08:03:06
user_468,5,4,1075,2,2024-01-01 07:47:00,2024-01-01 08:08:30
user_469,5,4,1586,2,2024-01-01 07:48:00,2024-01-01 08:07:58
user_470,5,3,573,1,2024-01-01 07:49:00,2024-01-01 08:08:17
user_471,5,3,1326,0,2024-01-01 07:50:00,2024-01-01 08:08:23
user_472,5,3,1351,0,2024-01-01 07:51:00,2024-01-01 08:04:09
user_473,5,3,625,1,2024-01-01 07:52:00,2024-01-01 08:21:53
user_474,5,3,1239,0,2024-01-01 07:53:00,2024-01-01 08:13:37
user_475,5,3,1472,2,2024-01-01 07:54:00,2024-01-01 08:13:03
user_476,5,3,839,0,2024-01-01 07:55:00,2024-01-01 08:24:28
user_477,5,5,787,2,2024-01-01 07:56:00,2024-01-01 08:22:32
user_478,5,5,1121,0,2024-01-01 07:57:00,2024-01-01 08:06:26
user_479,5,5,1761,1,2024-01-01 07:58:00,2024-01-01 08:03:53
user_480,5,5,1388,0,2024-01-01 07:59:00,2024-01-01 08:12:47
user_481,5,3,655,0,2024-01-01 08:00:00,2024-01-01 08:15:15
user_482,5,5,1575,0,2024-01-01 08:01:00,2024-01-01 08:24:02
user_483,5,3,534,1,2024-01-01 08:02:00,2024-01-01 08:24:43
user_484,5,5,526,0,2024-01-01 08:03:00,2024-01-01 08:29:00
user_485,5,4,1636,1,2024-01-01 08:04:00,2024-01-01 08:24:54
user_486,5,5,348,2,2024-01-01 08:05:00,2024-01-01 08:16:25
user_487,5,5,417,0,2024-01-01 08:06:00,2024-01-01 08:23:13
user_488,5,3,353,1,2024-01-01 08:07:00,2024-01-01 08:23:55
user_489,5,5,864,1,2024-01-01 08:08:00,2024-01-01 08:23:49
user_490,5,4,1367,0,2024-01-01 08:09:00,2024-01-01 08:18:59
user_491,5,3,352,2,2024-01-01 08:10:00,2024-01-01 08:21:34
user_492,5,3,857,1,2024-01-01 08:11:00,2024-01-01 08:36:30
user_493,5,5,1425,0,2024-01-01 08:12:00,2024-01-01 08:39:39
user_494,5,3,1167,2,2024-01-01 08:13:00,2024-01-01 08:27:52
user_495,5,3,697,1,2024-01-01 08:14:00,2024-01-01 08:27:33
user_496,5,3,1461,1,2024-01-01 08:15:00,2024-01-01 08:40:01
user_497,5,3,974,2,2024-01-01 08:16:00,2024-01-01 08:27:35
user_498,5,3,686,2,2024-01-01 08:17:00,2024-01-01 08:28:10
user_499,5,3,410,0,2024-01-01 08:18:00,2024-01-01 08:37:17
user_500,5,4,913,0,2024-01-01 08:19:00,2024-01-01 08:37:10
